"Subjects","Tag","Count"
"AM","阿贝尔定理","3"
"AM","鞍点","3"
"AM","凹函数","4"
"AM","摆线","4"
"AM","半角公式","3"
"AM","比较大小","4"
"AM","比较系数","4"
"AM","边界条件","1"
"AM","部分和","5"
"AM","参数范围","4"
"AM","参数分类讨论","1"
"AM","参数求解","3"
"AM","参数讨论","6"
"AM","乘积求导","4"
"AM","充分必要条件","3"
"AM","充要条件","8"
"AM","抽水做功","4"
"AM","抽样分布","1"
"AM","初始条件","4"
"AM","待定常数","4"
"AM","单调函数","6"
"AM","单调数列","3"
"AM","单位球面","4"
"AM","单位向量","2"
"AM","倒代换","3"
"AM","等比数列","5"
"AM","等价无穷大","3"
"AM","狄利克雷收敛定理","5"
"AM","递推","1"
"AM","点到平面距离","4"
"AM","点积","2"
"AM","叠加原理","3"
"AM","定义域","4"
"AM","对称区间","3"
"AM","对称区间积分","4"
"AM","对数恒等式","5"
"AM","对数积分","4"
"AM","对数展开式","3"
"AM","多项式","1"
"AM","多项式除法","3"
"AM","多元函数","6"
"AM","多元函数可微","4"
"AM","多元微分","3"
"AM","二次函数","3"
"AM","二维正态分布","1"
"AM","二项式展开","5"
"AM","法线方程","5"
"AM","反例","6"
"AM","反例法","2"
"AM","反三角积分","3"
"AM","反正切积分","7"
"AM","方差","1"
"AM","方差计算","1"
"AM","方程的根","4"
"AM","方向向量","5"
"AM","放缩法","6"
"AM","分离变量","4"
"AM","符号判定","1"
"AM","复合求导","3"
"AM","高斯积分","2"
"AM","含参积分","5"
"AM","函数表达式","3"
"AM","函数迭代","5"
"AM","函数连续","2"
"AM","函数性质","3"
"AM","函数值域","4"
"AM","恒等变形","2"
"AM","华里士公式","7"
"AM","混合分布","1"
"AM","混合积","4"
"AM","积分比较","6"
"AM","积分次序","3"
"AM","积分大小比较","3"
"AM","积分估计","4"
"AM","积分换序","3"
"AM","积分条件","3"
"AM","基础解系","3"
"AM","级数判敛","3"
"AM","几何级数","2"
"AM","几何应用","5"
"AM","加权平均","3"
"AM","伽马函数","2"
"AM","渐近估计","4"
"AM","阶乘","4"
"AM","截面法","4"
"AM","解空间","1"
"AM","矩阵的迹","1"
"AM","矩阵的秩","3"
"AM","矩阵对角化","1"
"AM","矩阵相似","1"
"AM","卷积","2"
"AM","卡方分布","1"
"AM","柯西-阿达马公式","3"
"AM","可积性","3"
"AM","可降阶方程","3"
"AM","空间直线","4"
"AM","拉格朗日乘子法","2"
"AM","拉普拉斯算子","3"
"AM","连续","5"
"AM","连续的定义","3"
"AM","列满秩","2"
"AM","裂项","2"
"AM","零点","4"
"AM","零点存在定理","4"
"AM","零点存在性","5"
"AM","零基础","16"
"AM","幂函数积分","4"
"AM","面积","4"
"AM","牛顿第二定律","4"
"AM","判别式","1"
"AM","配方","2"
"AM","配方法","7"
"AM","偏积分","6"
"AM","平方和","1"
"AM","平面区域面积","1"
"AM","平面束","3"
"AM","平移换元","5"
"AM","齐次函数","7"
"AM","奇点","5"
"AM","切线截距","3"
"AM","切线斜率","4"
"AM","球面坐标","5"
"AM","区间再现","5"
"AM","曲面方程","4"
"AM","曲面面积","4"
"AM","曲线交点","3"
"AM","取对数","4"
"AM","取对数法","4"
"AM","三角恒等变换","4"
"AM","三角有理式积分","3"
"AM","实对称矩阵","1"
"AM","实根个数","2"
"AM","势函数","7"
"AM","收敛必要条件","4"
"AM","收敛区间","4"
"AM","收敛性","4"
"AM","收敛性判断","3"
"AM","数学归纳法","2"
"AM","数学期望","2"
"AM","顺序主子式","1"
"AM","随机变量函数的分布","1"
"AM","特征多项式","2"
"AM","特征值","2"
"AM","特征值与特征向量","1"
"AM","投影","6"
"AM","投影法","6"
"AM","投影区域","3"
"AM","投影转化法","4"
"AM","椭球面","4"
"AM","椭圆","3"
"AM","椭圆面积","3"
"AM","椭圆区域","4"
"AM","万能代换","3"
"AM","韦达定理","2"
"AM","尾概率","1"
"AM","无穷大","4"
"AM","物理应用","4"
"AM","系数比较","6"
"AM","线性变换","3"
"AM","线性方程组","2"
"AM","线性方程组解判定","1"
"AM","线性无关","4"
"AM","线性相关判定","1"
"AM","线性组合","1"
"AM","向量场","4"
"AM","消元法","5"
"AM","协方差","1"
"AM","星形线","6"
"AM","行列式","2"
"AM","旋转面","3"
"AM","旋转体","3"
"AM","液体静压力","3"
"AM","液体压力","3"
"AM","因式分解","8"
"AM","圆的方程","3"
"AM","增量","1"
"AM","正定矩阵判定","1"
"AM","正交变换","2"
"AM","正交向量","1"
"AM","正交性","1"
"AM","正态总体","1"
"AM","指数分布","2"
"AM","指数函数","4"
"AM","秩一矩阵","1"
"AM","周期解","4"
"AM","周期延拓","4"
"AM","柱面","1"
"AM","柱面坐标","6"
"AM","最大值","2"
"AM","最大值函数","3"
"AM","最小二乘","1"
"AM","坐标变换","3"
"AM","F分布","1"
"AM","Jacobian","1"
"AM","Jordan标准型","1"
"AM","p积分","3"
"AM","Wallis公式","3"
"AM","Wronskian","1"
"CN","被动模式","3"
"CN","比特率","2"
"CN","标识字段","3"
"CN","波特率","3"
"CN","传输介质","3"
"CN","传输时延","3"
"CN","传输效率计算","3"
"CN","单源最短路径","1"
"CN","地址解析","3"
"CN","地址空间","1"
"CN","地址字段","2"
"CN","动态路由","3"
"CN","端到端通信","3"
"CN","分层结构","2"
"CN","分层体系结构","3"
"CN","分组转发","4"
"CN","概念辨析","1"
"CN","功能特性","4"
"CN","广域网","3"
"CN","会话层","3"
"CN","路由环路","3"
"CN","路由转发","3"
"CN","面向连接服务","3"
"CN","内积计算","1"
"CN","奇偶校验","3"
"CN","确认机制","4"
"CN","十六进制转换","3"
"CN","数据报","3"
"CN","死锁避免","1"
"CN","同步传输","1"
"CN","位同步","3"
"CN","位运算","1"
"CN","无连接服务","3"
"CN","物理地址","1"
"CN","协议定义","3"
"CN","信道容量","3"
"CN","信号状态数","3"
"CN","异步传输","1"
"CN","应用层","3"
"CN","用户接口","1"
"CN","语法","3"
"CN","帧间间隔","3"
"CN","帧序号比特数","3"
"CN","中继器功能","3"
"CN","逐跳转发","3"
"CN","主机位计算","3"
"CN","总长度字段","3"
"CN","最短路径","1"
"CN","最短帧长","3"
"CN","Bellman-Ford","1"
"CN","C_S分工","1"
"CN","C_S模式对比","1"
"CN","C_S模型","2"
"CN","C_S模型特点","1"
"CN","C_S与P2P对比","1"
"CN","LSA","1"
"CN","NCP","1"
"CO","比特率","1"
"CO","编译程序","3"
"CO","编译优化","3"
"CO","操作码扩展","3"
"CO","操作码位数","3"
"CO","操作元件","3"
"CO","程序查询方式","2"
"CO","程序状态字","4"
"CO","传输时间","2"
"CO","存储容量","4"
"CO","带宽计算","4"
"CO","单周期处理器","3"
"CO","地址_数据线复用","1"
"CO","地址对齐","3"
"CO","地址划分","4"
"CO","地址结构","4"
"CO","地址空间","2"
"CO","地址空间隔离","1"
"CO","地址码","3"
"CO","地址线","4"
"CO","地址映射","4"
"CO","地址字段","1"
"CO","低位交叉编址","4"
"CO","递归调用","1"
"CO","定点数表示","3"
"CO","段表","1"
"CO","断点保护","3"
"CO","多处理器系统","2"
"CO","多核处理器","3"
"CO","返回地址","4"
"CO","访存次数","2"
"CO","分页存储","3"
"CO","分支预测","4"
"CO","冯·诺依曼结构","3"
"CO","符号位","3"
"CO","共享内存","1"
"CO","关键路径","2"
"CO","核心态","1"
"CO","回写法","3"
"CO","机器周期","4"
"CO","加法器","3"
"CO","阶码","3"
"CO","进程切换","1"
"CO","精度","3"
"CO","快表","1"
"CO","逻辑移位","3"
"CO","内核态","1"
"CO","偏移量","2"
"CO","片选译码","3"
"CO","奇偶校验","1"
"CO","请求_回答信号","1"
"CO","取指操作","4"
"CO","全双工","1"
"CO","缺页","2"
"CO","缺页处理","1"
"CO","闪存","3"
"CO","设备分类","1"
"CO","设备驱动程序","1"
"CO","数据传送","3"
"CO","数据宽度","4"
"CO","数据线","4"
"CO","数组存储","1"
"CO","数组访问","3"
"CO","双符号位","3"
"CO","随机存取","3"
"CO","随机访问","2"
"CO","特权指令","1"
"CO","同步传输","3"
"CO","微操作","4"
"CO","微操作序列","4"
"CO","微架构","3"
"CO","握手信号","4"
"CO","物理地址","1"
"CO","系统调用","3"
"CO","写分配法","3"
"CO","性能评价","3"
"CO","性能指标","3"
"CO","虚拟地址","2"
"CO","旋转延迟","1"
"CO","寻道时间","1"
"CO","循环右移","1"
"CO","页面置换","1"
"CO","页内偏移","1"
"CO","页式存储管理","1"
"CO","移位运算","4"
"CO","异步传输","2"
"CO","异步通信","3"
"CO","真值转换","4"
"CO","阵列乘法器","3"
"CO","指令分类","2"
"CO","指令级并行","3"
"CO","指令集体系结构","3"
"CO","指令译码","3"
"CO","周期挪用","3"
"CO","主存带宽","3"
"CO","转发技术","3"
"CO","状态元件","3"
"CO","状态转移","1"
"CO","字节序","3"
"CO","子程序调用","2"
"CO","组合逻辑","4"
"CO","DDR3","1"
"CO","FIFO算法","1"
"CO","FTL","1"
"CO","IPC","1"
"CO","load-use","1"
"CO","MAR","1"
"CO","MAR_MDR位数","1"
"CO","MDR","1"
"CO","MIMD","2"
"CO","MISD","1"
"CO","MPP","1"
"CO","PCIe","2"
"CO","PSW","1"
"CO","RAS_CAS信号","1"
"CO","SIMD","4"
"CO","SMP","1"
"CO","UMA_NUMA","1"
"CO","USB","1"
"CO","VLIW","1"
"DS","边数关系","3"
"DS","遍历对应关系","3"
"DS","标志位","1"
"DS","表达式求值","4"
"DS","层次遍历","4"
"DS","层序编号","3"
"DS","插入分裂","3"
"DS","插入删除","5"
"DS","查找路径","3"
"DS","查找效率","3"
"DS","出队操作","3"
"DS","出队序列","3"
"DS","带权图","4"
"DS","地址映射","1"
"DS","等比级数","1"
"DS","等比数列","1"
"DS","递推关系","5"
"DS","顶点度","4"
"DS","对数复杂度","3"
"DS","二叉查找树","4"
"DS","二分查找","4"
"DS","二路归并","3"
"DS","反例构造","1"
"DS","分配收集","3"
"DS","概率分布","1"
"DS","关键活动","4"
"DS","关键字范围","3"
"DS","关键字数","5"
"DS","孩子表示法","3"
"DS","黑高","3"
"DS","划分","3"
"DS","渐进分析","3"
"DS","交换次数","3"
"DS","矩阵乘法","1"
"DS","矩阵幂","1"
"DS","快慢指针","4"
"DS","路径压缩","4"
"DS","模运算","3"
"DS","内存分配","1"
"DS","内存管理","1"
"DS","逆序数","2"
"DS","排序过程","4"
"DS","判空条件","3"
"DS","偏移量","1"
"DS","平方探测","3"
"DS","平衡调整","3"
"DS","前缀编码","4"
"DS","入队操作","4"
"DS","三叉树","3"
"DS","三角矩阵","3"
"DS","三元组表","3"
"DS","散列冲突","3"
"DS","上三角矩阵","2"
"DS","生产者-消费者问题","1"
"DS","时间余量","4"
"DS","枢轴","3"
"DS","树","3"
"DS","树的遍历","3"
"DS","顺序统计量","1"
"DS","松弛操作","3"
"DS","算法复杂度","3"
"DS","随机访问","3"
"DS","索引表","3"
"DS","贪心策略","5"
"DS","图的基本概念","3"
"DS","图的连通性","4"
"DS","图的应用","3"
"DS","图论","4"
"DS","位运算","1"
"DS","下三角矩阵","4"
"DS","先进先出","5"
"DS","旋转","4"
"DS","旋转操作","4"
"DS","循环分析","4"
"DS","循环嵌套","5"
"DS","循环右移","2"
"DS","移动次数","5"
"DS","有向环","3"
"DS","有序序列","3"
"DS","运算符优先级","3"
"DS","增量","2"
"DS","指针修改","4"
"DS","中位数","1"
"DS","中缀表达式","3"
"DS","中缀转后缀","4"
"DS","转置","1"
"DS","组合计数","1"
"DS","最近公共祖先","3"
"DS","FIFO","1"
"DS","OSPF","1"
"DS","Top-k问题","4"
"DS","TTL","2"
"LA","按行按列展开定理","5"
"LA","边缘概率密度","2"
"LA","变量变换","1"
"LA","变限积分","3"
"LA","伯努利分布","1"
"LA","不定积分","1"
"LA","不相关","1"
"LA","参数范围","2"
"LA","参数分类讨论","4"
"LA","常数项","3"
"LA","常微分方程","1"
"LA","充分必要条件","7"
"LA","充要条件","5"
"LA","凑微分","1"
"LA","大数定律","1"
"LA","待定系数","1"
"LA","待定系数法","1"
"LA","单调性","2"
"LA","导数","1"
"LA","等价无穷小","3"
"LA","递推","2"
"LA","递推数列","3"
"LA","第二类错误","1"
"LA","第二类曲线积分","1"
"LA","第二型曲面积分","2"
"LA","点积","1"
"LA","定积分","1"
"LA","定积分比较","1"
"LA","独立同分布","1"
"LA","独立性","2"
"LA","独立性判定","1"
"LA","对称区间积分","1"
"LA","对称性","2"
"LA","对数函数","1"
"LA","多项分布","1"
"LA","多项式","2"
"LA","多项式除法","1"
"LA","多项式系数","3"
"LA","多元复合函数","1"
"LA","多元函数极值","2"
"LA","多元函数微分","1"
"LA","多重线性性","3"
"LA","二阶导数","1"
"LA","二阶偏导","1"
"LA","二阶偏导数","1"
"LA","二维均匀分布","1"
"LA","二维正态分布","1"
"LA","二项分布","1"
"LA","二重积分","1"
"LA","法方程","3"
"LA","反常积分","1"
"LA","反例","7"
"LA","反例法","1"
"LA","反例构造","3"
"LA","反证法","3"
"LA","方差","1"
"LA","方程的根","1"
"LA","非零解","3"
"LA","分布函数","2"
"LA","分部积分法","2"
"LA","分段函数","3"
"LA","分离变量","2"
"LA","符号判定","3"
"LA","辅助函数","1"
"LA","辅助函数构造","1"
"LA","复合函数","2"
"LA","傅里叶级数","1"
"LA","概率密度函数","1"
"LA","概念辨析","2"
"LA","高阶导数","1"
"LA","格林公式","1"
"LA","公因子提取","3"
"LA","拐点","1"
"LA","广义瑞利商","3"
"LA","归一化条件","1"
"LA","函数极限","1"
"LA","函数连续","1"
"LA","和函数","1"
"LA","恒等变形","4"
"LA","积分不等式","1"
"LA","积分因子","1"
"LA","积分中值定理","1"
"LA","基","3"
"LA","级数求和","1"
"LA","极限","2"
"LA","极坐标","2"
"LA","几何级数","1"
"LA","假设检验","1"
"LA","间断点","1"
"LA","降阶","3"
"LA","降阶法","3"
"LA","降阶展开","3"
"LA","交换积分次序","1"
"LA","介值定理","1"
"LA","绝对收敛","1"
"LA","柯西不等式","5"
"LA","可降阶微分方程","1"
"LA","可微性","1"
"LA","拉格朗日乘子法","1"
"LA","连续型随机变量","1"
"LA","连续性","1"
"LA","联合概率密度","1"
"LA","敛散性","1"
"LA","链式法则","2"
"LA","裂项","1"
"LA","零点存在性","1"
"LA","罗尔定理","1"
"LA","幂级数","1"
"LA","幂级数展开","1"
"LA","幂零变换","3"
"LA","内积","4"
"LA","内积计算","2"
"LA","逆序数","4"
"LA","判别式","2"
"LA","配方","1"
"LA","偏导数","7"
"LA","偏微分方程","1"
"LA","平方和","2"
"LA","平方和分解","1"
"LA","平面方程","3"
"LA","齐次方程","2"
"LA","奇偶函数","1"
"LA","奇偶性","2"
"LA","切平面","2"
"LA","曲面分类","3"
"LA","曲面积分","2"
"LA","全微分","1"
"LA","全微分方程","1"
"LA","三角函数积分","1"
"LA","三角恒等变换","1"
"LA","三角换元","1"
"LA","实根个数","1"
"LA","事件独立性","1"
"LA","事件运算","1"
"LA","收敛半径","1"
"LA","数学归纳法","4"
"LA","数学期望","2"
"LA","数学期望的线性性","1"
"LA","数字特征","1"
"LA","随机变量函数","1"
"LA","随机占优","1"
"LA","泰勒公式","4"
"LA","特解","2"
"LA","特征方程","2"
"LA","梯度","1"
"LA","条件概率","3"
"LA","条件极值","2"
"LA","条件密度","1"
"LA","条件最值","1"
"LA","通量","1"
"LA","投影法","1"
"LA","投影区域","1"
"LA","凸函数","1"
"LA","椭球面","2"
"LA","外积","3"
"LA","微分方程","2"
"LA","韦达定理","2"
"LA","无偏性","1"
"LA","无穷小阶数","1"
"LA","线性表出","3"
"LA","相关系数","1"
"LA","协方差","3"
"LA","斜渐近线","1"
"LA","行和","6"
"LA","样本二阶矩","1"
"LA","样本均值","1"
"LA","一阶微分方程","2"
"LA","一阶线性微分方程","1"
"LA","因式分解","2"
"LA","隐函数求导","3"
"LA","有理函数积分","1"
"LA","有效性","1"
"LA","右逆","4"
"LA","余子式","4"
"LA","原函数","1"
"LA","张成空间","4"
"LA","正交投影","3"
"LA","正态分布","1"
"LA","指示变量","1"
"LA","指数分布","1"
"LA","秩一扰动","3"
"LA","秩一修正","4"
"LA","中值定理","1"
"LA","周期解","1"
"LA","周期性","1"
"LA","周期延拓","1"
"LA","驻点","1"
"LA","柱面","3"
"LA","转置","2"
"LA","最大似然估计","3"
"LA","最小二乘","3"
"LA","左右极限","1"
"LA","Jensen不等式","1"
"LA","Rolle定理","1"
"OS","安全性检查","4"
"OS","按名存取","3"
"OS","程序查询方式","1"
"OS","程序计数器","4"
"OS","程序状态字","1"
"OS","传输时间","1"
"OS","磁盘空间管理","3"
"OS","磁盘块","3"
"OS","磁头移动距离","4"
"OS","存储保护","4"
"OS","存储层次","1"
"OS","存储管理","3"
"OS","存储器分类","1"
"OS","打开文件表","3"
"OS","单位换算","2"
"OS","地址划分","1"
"OS","地址结构","2"
"OS","地址空间","1"
"OS","地址空间隔离","3"
"OS","地址越界检查","3"
"OS","等待队列","3"
"OS","电梯调度","3"
"OS","独占设备","4"
"OS","多处理器系统","1"
"OS","访存次数","2"
"OS","分层结构","1"
"OS","符号链接","3"
"OS","概念辨析","1"
"OS","共享内存","4"
"OS","固定分区","3"
"OS","固态硬盘","3"
"OS","核心态","3"
"OS","滑动窗口","1"
"OS","假脱机技术","4"
"OS","进制转换","1"
"OS","竞态条件","4"
"OS","局部性","3"
"OS","局部性原理","2"
"OS","局部置换","3"
"OS","空间局部性","2"
"OS","库函数","3"
"OS","快表","2"
"OS","链表插入","1"
"OS","链式存储","1"
"OS","流水线计算","2"
"OS","路径解析","4"
"OS","逻辑结构","1"
"OS","忙等","3"
"OS","磨损均衡","3"
"OS","内存保护","3"
"OS","内存利用率","3"
"OS","平均查找长度","1"
"OS","期望计算","1"
"OS","请求调入","3"
"OS","全双工通信","2"
"OS","让权等待","3"
"OS","上下文切换","4"
"OS","设备分类","2"
"OS","设备控制器","3"
"OS","时间复杂度","1"
"OS","时间局部性","2"
"OS","时间片","3"
"OS","事件驱动模拟","3"
"OS","输入输出井","3"
"OS","数据传输率","1"
"OS","数据传输速率","1"
"OS","数据通路","1"
"OS","数组实现","1"
"OS","随机存取","2"
"OS","索引表","2"
"OS","条件变量","4"
"OS","通道技术","3"
"OS","通用寄存器","1"
"OS","吞吐量","1"
"OS","吞吐量计算","1"
"OS","位图法","3"
"OS","位运算","1"
"OS","文件保护","3"
"OS","文件访问控制","3"
"OS","文件分配表","4"
"OS","文件分配方式","4"
"OS","文件最大长度","4"
"OS","物理地址","2"
"OS","物理地址计算","4"
"OS","系统启动流程","3"
"OS","消息传递","4"
"OS","行优先存储","2"
"OS","虚拟设备","4"
"OS","寻址方式","1"
"OS","引导程序","3"
"OS","引用计数","4"
"OS","用户接口","2"
"OS","有限等待","4"
"OS","有效存取时间","3"
"OS","原语","3"
"OS","执行时间","1"
"OS","指令分类","1"
"OS","重定位寄存器","4"
"OS","驻留集","4"
"OS","状态寄存器","1"
"OS","状态转移","1"
"OS","子程序调用","1"
"OS","阻塞队列","4"
"OS","ACL","1"
"OS","BIOS","2"
"OS","C_S模式","1"
"OS","Cache映射","1"
"OS","MBR","1"
"OS","MMU","1"
"OS","RAM","1"
"OS","ROM","2"
"OS","SIGKILL","2"
"OS","SIGSTOP","1"
"PS","凹函数","1"
"PS","必然事件","3"
"PS","边界条件","1"
"PS","变量代换","2"
"PS","变限积分","1"
"PS","不等式","1"
"PS","不等式放缩","2"
"PS","不等式证明","1"
"PS","不可能事件","3"
"PS","参数范围","1"
"PS","参数求解","7"
"PS","充要条件","7"
"PS","凑微分法","1"
"PS","单调性","5"
"PS","等比级数","3"
"PS","等比级数求和","1"
"PS","等比数列","1"
"PS","递推法","1"
"PS","递推数列","3"
"PS","调和级数","2"
"PS","定积分的计算","2"
"PS","定积分求面积","1"
"PS","独立性判定","17"
"PS","独立正态变量","4"
"PS","对称分布","3"
"PS","对数积分","1"
"PS","二次型","3"
"PS","二阶矩","5"
"PS","二阶原点矩","5"
"PS","反常积分","3"
"PS","反函数求导","1"
"PS","反例法","2"
"PS","反例构造","4"
"PS","反三角函数积分","1"
"PS","反三角函数求导","1"
"PS","反证法","1"
"PS","分布列","4"
"PS","分部积分法","3"
"PS","概率分布","3"
"PS","概率归一化","3"
"PS","概率减法公式","3"
"PS","概率为0/1","1"
"PS","高斯积分","3"
"PS","函数单调性","1"
"PS","函数性质","1"
"PS","函数最值","3"
"PS","互斥","3"
"PS","换元积分法","3"
"PS","混合偏导","1"
"PS","积分的计算","3"
"PS","积分区域确定","1"
"PS","级数敛散性","1"
"PS","级数求和","3"
"PS","级数收敛","2"
"PS","极限计算","1"
"PS","极限条件","1"
"PS","极值","1"
"PS","极坐标","3"
"PS","极坐标变换","5"
"PS","集合运算","3"
"PS","几何级数","2"
"PS","间断点","4"
"PS","绝对收敛","3"
"PS","绝对值处理","1"
"PS","绝对值函数","2"
"PS","均方误差","3"
"PS","均值不等式","1"
"PS","柯西-施瓦茨不等式","2"
"PS","柯西不等式","2"
"PS","拉格朗日乘数法","1"
"PS","离散型分布","4"
"PS","连续性","1"
"PS","两点分布","4"
"PS","裂项求和","1"
"PS","密度归一化","3"
"PS","幂级数","1"
"PS","幂级数求和","5"
"PS","幂级数展开","3"
"PS","模运算","1"
"PS","偶函数","1"
"PS","偶函数积分","3"
"PS","排列组合","4"
"PS","判别式","7"
"PS","配方","1"
"PS","配方法","3"
"PS","平方和分解","4"
"PS","平面区域面积","2"
"PS","泊松定理","3"
"PS","奇偶性","1"
"PS","奇偶性积分","1"
"PS","琴生不等式","1"
"PS","区间概率","3"
"PS","区间长度","3"
"PS","取整函数","5"
"PS","瑞利分布","4"
"PS","三角分布","4"
"PS","三角函数","1"
"PS","事件差","3"
"PS","事件的关系与运算","7"
"PS","收敛性判断","1"
"PS","随机变量","3"
"PS","随机变量独立","4"
"PS","随机占优","3"
"PS","特征函数","3"
"PS","特征值","1"
"PS","条件极值","1"
"PS","条件收敛","1"
"PS","跳跃间断点","1"
"PS","同分布","5"
"PS","退化分布","4"
"PS","微分方程","1"
"PS","尾部概率","5"
"PS","尾概率","4"
"PS","无穷级数求和","1"
"PS","显著性检验","4"
"PS","线性相关","4"
"PS","相合估计","3"
"PS","行列式","2"
"PS","行列式展开","1"
"PS","雅可比行列式","4"
"PS","一阶线性微分方程","1"
"PS","因式分解","1"
"PS","有放回抽样","4"
"PS","原点矩","3"
"PS","正定矩阵","1"
"PS","支撑集","3"
"PS","中位数","3"
"PS","状态转移","1"
"PS","最大值","1"
"PS","最大值最小值","4"
"PS","LOTUS","1"
"PS","max/min恒等变形","1"
"PS","max/min事件转化","1"
"PS","Pareto分布","3"
"PS","Rayleigh分布","4"
